{"cameraMode":{"drawMode":0,"name":"Shaded","section":"Shading Mode"},"sceneLighting":false,"audioPlay":false,"sceneViewState":{"m_AlwaysRefresh":false,"showFog":true,"showSkybox":true,"showFlares":true,"showImageEffects":true,"showParticleSystems":true,"showVisualEffectGraphs":true,"m_FxEnabled":true},"in2DMode":false,"pivot":{"x":-250.43594360351563,"y":-316.9054870605469,"z":-251.99786376953126},"rotation":{"x":0.1309194266796112,"y":-0.8681033849716187,"z":0.32005104422569277,"w":0.35659152269363406},"size":251.10874938964845,"orthographic":false}